<?xml version="1.0" encoding="utf-8" standalone="yes"?><rss version="2.0" xmlns:atom="http://www.w3.org/2005/Atom"><channel><title>Conquiztador Deccan Edition on Conquiztador</title><link>/</link><description>Recent content in Conquiztador Deccan Edition on Conquiztador</description><generator>Hugo -- gohugo.io</generator><language>en-us</language><lastBuildDate>Mon, 04 Apr 2022 05:00:00 +0000</lastBuildDate><atom:link href="/index.xml" rel="self" type="application/rss+xml"/><item><title>How to build an Application with modern Technology</title><link>/highlights/post-1/</link><pubDate>Mon, 04 Apr 2022 05:00:00 +0000</pubDate><guid>/highlights/post-1/</guid><description>Nemo vel ad consectetur namut rutrum ex, venenatis sollicitudin urna. Aliquam erat volutpat.</description></item><item><title>How to build an Application with modern Technology</title><link>/highlights/post-2/</link><pubDate>Mon, 04 Apr 2022 05:00:00 +0000</pubDate><guid>/highlights/post-2/</guid><description>Nemo vel ad consectetur namut rutrum ex, venenatis sollicitudin urna. Aliquam erat volutpat.</description></item><item><title>How to build an Application with modern Technology</title><link>/highlights/post-3/</link><pubDate>Mon, 04 Apr 2022 05:00:00 +0000</pubDate><guid>/highlights/post-3/</guid><description>Nemo vel ad consectetur namut rutrum ex, venenatis sollicitudin urna. Aliquam erat volutpat.</description></item><item><title>How to build an Application with modern Technology</title><link>/highlights/post-4/</link><pubDate>Mon, 04 Apr 2022 05:00:00 +0000</pubDate><guid>/highlights/post-4/</guid><description>Nemo vel ad consectetur namut rutrum ex, venenatis sollicitudin urna. Aliquam erat volutpat.</description></item><item><title>Elements</title><link>/elements/</link><pubDate>Mon, 01 Jan 0001 00:00:00 +0000</pubDate><guid>/elements/</guid><description>Table of Contents Heading 2 Heading 3 Heading 4 Heading 5 Emphasis Button Link Paragraph Ordered List Unordered List Notice Tab Accordions Code and Syntax Highlighting Blockquote Tables Image Gallery Slider Youtube video Custom video Here is an example of headings.</description></item><item><title>John Doe</title><link>/team/john-doe/</link><pubDate>Mon, 01 Jan 0001 00:00:00 +0000</pubDate><guid>/team/john-doe/</guid><description>lorem ipsum dolor sit amet, consectetur adipiscing elit, sed do eiusmod tempor incididunt ut labore et dolore magna aliqua.</description></item><item><title>Privacy</title><link>/privacy-policy/</link><pubDate>Mon, 01 Jan 0001 00:00:00 +0000</pubDate><guid>/privacy-policy/</guid><description>Responsibility of Contributors Lorem ipsum dolor sit amet, consectetur adipiscing elit.</description></item><item><title>Ready to build your next project with Hugo?</title><link/><pubDate>Mon, 01 Jan 0001 00:00:00 +0000</pubDate><guid/><description/></item><item><title>Sam Wilson</title><link>/team/sam-wilson/</link><pubDate>Mon, 01 Jan 0001 00:00:00 +0000</pubDate><guid>/team/sam-wilson/</guid><description>lorem ipsum dolor sit amet, consectetur adipiscing elit, sed do eiusmod tempor incididunt ut labore et dolore magna aliqua.</description></item><item><title>What Users Are Saying About Hugoplate</title><link/><pubDate>Mon, 01 Jan 0001 00:00:00 +0000</pubDate><guid/><description/></item><item><title>William Jacob</title><link>/team/william-jacob/</link><pubDate>Mon, 01 Jan 0001 00:00:00 +0000</pubDate><guid>/team/william-jacob/</guid><description>lorem ipsum dolor sit amet, consectetur adipiscing elit, sed do eiusmod tempor incididunt ut labore et dolore magna aliqua.</description></item></channel></rss>