<?xml version="1.0" encoding="utf-8" standalone="yes"?><rss version="2.0" xmlns:atom="http://www.w3.org/2005/Atom"><channel><title>Tags on Conquiztador</title><link>/tags/</link><description>Recent content in Tags on Conquiztador</description><generator>Hugo -- gohugo.io</generator><language>en-us</language><lastBuildDate>Mon, 04 Apr 2022 05:00:00 +0000</lastBuildDate><atom:link href="/tags/index.xml" rel="self" type="application/rss+xml"/><item><title>nextjs</title><link>/tags/nextjs/</link><pubDate>Mon, 04 Apr 2022 05:00:00 +0000</pubDate><guid>/tags/nextjs/</guid><description/></item><item><title>silicon</title><link>/tags/silicon/</link><pubDate>Mon, 04 Apr 2022 05:00:00 +0000</pubDate><guid>/tags/silicon/</guid><description/></item><item><title>software</title><link>/tags/software/</link><pubDate>Mon, 04 Apr 2022 05:00:00 +0000</pubDate><guid>/tags/software/</guid><description/></item><item><title>tailwind</title><link>/tags/tailwind/</link><pubDate>Mon, 04 Apr 2022 05:00:00 +0000</pubDate><guid>/tags/tailwind/</guid><description/></item><item><title>technology</title><link>/tags/technology/</link><pubDate>Mon, 04 Apr 2022 05:00:00 +0000</pubDate><guid>/tags/technology/</guid><description/></item></channel></rss>