<?xml version="1.0" encoding="utf-8" standalone="yes"?><rss version="2.0" xmlns:atom="http://www.w3.org/2005/Atom"><channel><title>Authors on Conquiztador</title><link>/team/</link><description>Recent content in Authors on Conquiztador</description><generator>Hugo -- gohugo.io</generator><language>en-us</language><atom:link href="/team/index.xml" rel="self" type="application/rss+xml"/><item><title>John Doe</title><link>/team/john-doe/</link><pubDate>Mon, 01 Jan 0001 00:00:00 +0000</pubDate><guid>/team/john-doe/</guid><description>lorem ipsum dolor sit amet, consectetur adipiscing elit, sed do eiusmod tempor incididunt ut labore et dolore magna aliqua.</description></item><item><title>Sam Wilson</title><link>/team/sam-wilson/</link><pubDate>Mon, 01 Jan 0001 00:00:00 +0000</pubDate><guid>/team/sam-wilson/</guid><description>lorem ipsum dolor sit amet, consectetur adipiscing elit, sed do eiusmod tempor incididunt ut labore et dolore magna aliqua.</description></item><item><title>William Jacob</title><link>/team/william-jacob/</link><pubDate>Mon, 01 Jan 0001 00:00:00 +0000</pubDate><guid>/team/william-jacob/</guid><description>lorem ipsum dolor sit amet, consectetur adipiscing elit, sed do eiusmod tempor incididunt ut labore et dolore magna aliqua.</description></item></channel></rss>