<?xml version="1.0" encoding="utf-8" standalone="yes"?><rss version="2.0" xmlns:atom="http://www.w3.org/2005/Atom"><channel><title>Categories on Conquiztador</title><link>/categories/</link><description>Recent content in Categories on Conquiztador</description><generator>Hugo -- gohugo.io</generator><language>en-us</language><lastBuildDate>Mon, 04 Apr 2022 05:00:00 +0000</lastBuildDate><atom:link href="/categories/index.xml" rel="self" type="application/rss+xml"/><item><title>Application</title><link>/categories/application/</link><pubDate>Mon, 04 Apr 2022 05:00:00 +0000</pubDate><guid>/categories/application/</guid><description/></item><item><title>Architecture</title><link>/categories/architecture/</link><pubDate>Mon, 04 Apr 2022 05:00:00 +0000</pubDate><guid>/categories/architecture/</guid><description/></item><item><title>Data</title><link>/categories/data/</link><pubDate>Mon, 04 Apr 2022 05:00:00 +0000</pubDate><guid>/categories/data/</guid><description/></item><item><title>Software</title><link>/categories/software/</link><pubDate>Mon, 04 Apr 2022 05:00:00 +0000</pubDate><guid>/categories/software/</guid><description/></item><item><title>Technology</title><link>/categories/technology/</link><pubDate>Mon, 04 Apr 2022 05:00:00 +0000</pubDate><guid>/categories/technology/</guid><description/></item></channel></rss>